{
    "type": "FeatureCollection",
    "features": [
    {
        "type": "Feature",
        "geometry":
        {
            "type": "Polygon",
            "coordinates": [
                [
                    [114.629, 22.448],
                    [114.62, 22.466],
                    [114.656, 22.466],
                    [114.651, 22.454],
                    [114.639, 22.454],
                    [114.629, 22.448]
                ],
                [
                    [114.301, 22.35],
                    [114.292, 22.365],
                    [114.298, 22.373],
                    [114.301, 22.372],
                    [114.303, 22.363],
                    [114.301, 22.35]
                ],
                [
                    [112.775, 21.564],
                    [112.782, 21.668],
                    [112.713, 21.673],
                    [112.709, 21.701],
                    [112.876, 21.773],
                    [112.876, 21.75],
                    [112.833, 21.736],
                    [112.811, 21.704],
                    [112.775, 21.564]
                ],
                [
                    [110.107, 20.027],
                    [110.698, 20.163],
                    [110.822, 20.026],
                    [110.962, 20.024],
                    [111.044, 19.764],
                    [111.069, 19.619],
                    [110.677, 19.286],
                    [110.499, 18.652],
                    [110.261, 18.619],
                    [110.081, 18.382],
                    [109.794, 18.344],
                    [109.741, 18.185],
                    [109.584, 18.144],
                    [109.118, 18.322],
                    [108.953, 18.308],
                    [108.883, 18.416],
                    [108.658, 18.463],
                    [108.587, 18.838],
                    [108.664, 19.374],
                    [109.155, 19.71],
                    [109.265, 19.905],
                    [109.499, 19.873],
                    [109.663, 20.014],
                    [110.107, 20.027]
                ],
                [
                    [113.897, 7.607],
                    [114.415, 7.953],
                    [114.541, 7.946],
                    [114.368, 7.639],
                    [114.059, 7.538],
                    [113.897, 7.607]
                ],
                [
                    [117.708, 15.183],
                    [117.719, 15.229],
                    [117.743, 15.234],
                    [117.839, 15.159],
                    [117.845, 15.127],
                    [117.732, 15.218],
                    [117.725, 15.131],
                    [117.829, 15.11],
                    [117.727, 15.105],
                    [117.708, 15.183]
                ],
                [
                    [111.716, 16.235],
                    [111.658, 16.259],
                    [111.772, 16.262],
                    [111.816, 16.187],
                    [111.733, 16.171],
                    [111.774, 16.217],
                    [111.716, 16.235]
                ],
                [
                    [122.178, 29.978],
                    [122.195, 29.958],
                    [122.183, 29.955],
                    [122.168, 29.967],
                    [122.154, 29.971],
                    [122.142, 29.97],
                    [122.178, 29.978]
                ],
                [
                    [113.554, 22.107],
                    [113.532, 22.176],
                    [113.538, 22.209],
                    [113.546, 22.21],
                    [113.548, 22.213],
                    [113.549, 22.214],
                    [113.55, 22.214],
                    [113.55, 22.214],
                    [113.556, 22.214],
                    [113.559, 22.213],
                    [113.565, 22.211],
                    [113.567, 22.21],
                    [113.604, 22.133],
                    [113.554, 22.107]
                ],
                [
                    [111.203, 19.925],
                    [111.203, 19.926],
                    [111.204, 19.926],
                    [111.204, 19.926],
                    [111.204, 19.924],
                    [111.203, 19.924],
                    [111.203, 19.925]
                ],
                [
                    [116.489, 10.396],
                    [116.534, 10.426],
                    [116.515, 10.349],
                    [116.648, 10.343],
                    [116.467, 10.309],
                    [116.489, 10.396]
                ],
                [
                    [114.233, 22.54],
                    [114.224, 22.538],
                    [114.214, 22.524],
                    [114.218, 22.524],
                    [114.223, 22.526],
                    [114.226, 22.529],
                    [114.232, 22.528],
                    [114.247, 22.547],
                    [114.262, 22.547],
                    [114.269, 22.524],
                    [114.292, 22.522],
                    [114.283, 22.509],
                    [114.309, 22.497],
                    [114.342, 22.505],
                    [114.205, 22.437],
                    [114.224, 22.427],
                    [114.278, 22.435],
                    [114.347, 22.477],
                    [114.412, 22.411],
                    [114.386, 22.411],
                    [114.363, 22.332],
                    [114.341, 22.349],
                    [114.338, 22.373],
                    [114.321, 22.389],
                    [114.284, 22.388],
                    [114.266, 22.201],
                    [114.078, 22.33],
                    [114.005, 22.267],
                    [114.009, 22.212],
                    [113.849, 22.191],
                    [113.898, 22.309],
                    [113.955, 22.298],
                    [114.026, 22.345],
                    [113.918, 22.418],
                    [114, 22.49],
                    [114.025, 22.481],
                    [114.029, 22.503],
                    [114.056, 22.5],
                    [114.057, 22.5],
                    [114.06, 22.501],
                    [114.061, 22.502],
                    [114.062, 22.502],
                    [114.062, 22.503],
                    [114.064, 22.51],
                    [114.069, 22.514],
                    [114.07, 22.514],
                    [114.074, 22.515],
                    [114.077, 22.515],
                    [114.079, 22.515],
                    [114.081, 22.513],
                    [114.082, 22.512],
                    [114.088, 22.516],
                    [114.084, 22.527],
                    [114.09, 22.529],
                    [114.093, 22.533],
                    [114.094, 22.534],
                    [114.095, 22.534],
                    [114.097, 22.534],
                    [114.103, 22.531],
                    [114.114, 22.534],
                    [114.115, 22.528],
                    [114.117, 22.527],
                    [114.153, 22.539],
                    [114.154, 22.539],
                    [114.153, 22.541],
                    [114.153, 22.541],
                    [114.155, 22.543],
                    [114.157, 22.544],
                    [114.157, 22.552],
                    [114.158, 22.552],
                    [114.16, 22.552],
                    [114.161, 22.552],
                    [114.165, 22.558],
                    [114.166, 22.558],
                    [114.166, 22.558],
                    [114.167, 22.559],
                    [114.167, 22.558],
                    [114.169, 22.557],
                    [114.181, 22.557],
                    [114.186, 22.552],
                    [114.195, 22.552],
                    [114.2, 22.553],
                    [114.201, 22.553],
                    [114.201, 22.554],
                    [114.202, 22.554],
                    [114.206, 22.555],
                    [114.215, 22.554],
                    [114.218, 22.552],
                    [114.223, 22.552],
                    [114.233, 22.54]
                ],
                [
                    [110.518, 21.079],
                    [110.526, 20.916],
                    [110.461, 20.989],
                    [110.199, 20.943],
                    [110.306, 21.088],
                    [110.518, 21.079]
                ]
            ]
        },
        "properties":
        {
            "name": "中华人民共和国",
            "adcode": "100000",
            "telecode": "86",
            "level": "country",
            "parent": null,
            "center":
            {
                "lng": 116.3683244,
                "lat": 39.915085
            }
        }
    }]
}